MSSubClass,LotArea,BldgType,OverallCond,YearBuilt,YearRemodAdd,Age,Remodel Age,Foundation,BsmtUnfSF,BsmtFinSF,TotalBsmtSF,GrLivArea,TotalFinSF,BsmtFullBath,BsmtHalfBath,FullBath,HalfBath,TotalFullBath,TotalHalfBath,TotalBath,BedroomAbvGr,TotRmsAbvGrd,GarageCars,MoSold,YrSold,SalePrice
60,8450,1Fam,5,2003,2003,8,8,PConc,150,706,856,1710,2416,1,0,2,1,3,1,3.5,3,8,2,2,2008,208500
60,11250,1Fam,5,2001,2002,10,9,PConc,434,486,920,1786,2272,1,0,2,1,3,1,3.5,3,6,2,9,2008,223500
60,14260,1Fam,5,2000,2000,11,11,PConc,490,655,1145,2198,2853,1,0,2,1,3,1,3.5,4,9,3,12,2008,250000
60,10382,1Fam,6,1973,1973,38,38,CBlock,216,891,1107,2090,2981,1,0,2,1,3,1,3.5,3,7,2,11,2009,200000
60,13418,1Fam,5,2004,2005,7,6,PConc,1117,0,1117,2452,2452,0,0,3,1,3,1,3.5,4,9,3,9,2006,309000
60,13869,1Fam,6,1997,1997,14,14,PConc,612,182,794,1470,1652,0,1,2,0,2,1,2.5,3,6,2,7,2007,177000
60,11645,1Fam,5,2004,2004,7,7,PConc,860,0,860,1720,1720,0,0,2,1,2,1,2.5,3,7,2,8,2006,196500
60,9375,1Fam,5,1997,1998,14,13,PConc,318,739,1057,2034,2773,1,0,2,1,3,1,3.5,3,8,2,2,2009,219500
60,9591,1Fam,5,2004,2005,7,6,PConc,1143,0,1143,2473,2473,0,0,2,1,2,1,2.5,4,9,3,10,2007,317000
60,10141,1Fam,5,1998,1998,13,13,PConc,832,0,832,1718,1718,0,0,2,1,2,1,2.5,3,7,2,12,2009,185000
60,13000,1Fam,6,1968,1968,43,43,CBlock,448,448,896,2142,2590,0,0,2,1,2,1,2.5,4,8,1,6,2009,193500
60,16059,1Fam,5,1991,1992,20,19,CBlock,1288,0,1288,2417,2417,0,0,2,1,2,1,2.5,4,9,2,4,2006,260000
60,11911,1Fam,5,2005,2005,6,6,PConc,684,0,684,1560,1560,0,0,2,1,2,1,2.5,3,6,2,3,2009,174000
60,9337,1Fam,5,1997,1997,14,14,PConc,176,648,824,1786,2434,1,0,2,1,3,1,3.5,3,7,2,5,2007,204750
60,9765,1Fam,8,1993,1993,18,18,PConc,370,310,680,1470,1780,0,0,2,1,2,1,2.5,3,6,2,4,2009,185000
60,9206,1Fam,5,1985,1985,26,26,CBlock,741,0,741,1732,1732,0,0,2,1,2,1,2.5,3,7,2,6,2010,178000
60,9375,1Fam,5,2003,2004,8,7,PConc,1053,0,1053,1992,1992,0,0,2,1,2,1,2.5,3,9,2,8,2008,250000
60,12376,1Fam,5,1990,1990,21,21,PConc,203,1470,1673,3222,4692,1,0,3,0,4,0,4,5,11,3,5,2010,320000
60,7590,1Fam,5,1966,1966,45,45,CBlock,148,512,660,1348,1860,0,0,1,1,1,1,1.5,3,6,2,7,2006,155000
60,14200,1Fam,6,1966,1966,45,45,CBlock,479,445,924,2157,2602,0,0,2,1,2,1,2.5,4,8,2,5,2006,226000
60,12224,1Fam,5,2000,2000,11,11,PConc,297,695,992,2054,2749,1,0,2,1,3,1,3.5,3,7,2,7,2009,244000
60,9066,1Fam,5,1999,2000,12,11,PConc,336,668,1004,1852,2520,0,0,2,1,2,1,2.5,3,7,3,12,2008,230000
60,15426,1Fam,5,1997,1997,14,14,PConc,107,821,928,1764,2585,1,0,2,1,3,1,3.5,3,7,2,8,2009,231500
60,9505,1Fam,5,2001,2001,10,10,PConc,884,0,884,2035,2035,0,0,2,1,2,1,2.5,3,8,2,5,2010,222500
60,14803,1Fam,5,1971,1971,40,40,CBlock,409,416,825,1993,2409,0,0,2,1,2,1,2.5,4,8,2,6,2006,190000
60,12552,1Fam,5,2004,2005,7,6,PConc,769,222,991,1947,2169,0,0,2,1,2,1,2.5,3,8,2,5,2010,254900
60,13688,1Fam,5,2003,2004,8,7,PConc,556,1016,1572,2668,3684,1,0,2,1,3,1,3.5,3,10,3,3,2008,412500
60,8244,1Fam,5,2004,2004,7,7,PConc,840,0,840,1720,1720,0,0,2,1,2,1,2.5,3,7,2,5,2007,183500
60,10029,1Fam,5,1988,1989,23,22,PConc,320,831,1151,2060,2891,0,1,2,1,2,2,3,4,8,2,9,2007,211000
60,7472,1Fam,9,1972,2004,39,7,CBlock,99,626,725,1479,2105,1,0,1,1,2,1,2.5,4,7,2,6,2007,184000
60,14364,1Fam,5,1988,1989,23,22,CBlock,92,1065,1157,2062,3127,1,0,2,1,3,1,3.5,3,7,2,4,2007,277000
60,10900,1Fam,7,1977,1977,34,34,CBlock,311,378,689,1392,1770,0,0,1,1,1,1,1.5,3,6,1,3,2010,161750
60,8068,1Fam,5,2002,2002,9,9,PConc,1010,0,1010,2267,2267,0,0,2,1,2,1,2.5,4,8,2,12,2009,200000
60,11475,1Fam,6,1975,1975,36,36,CBlock,163,550,713,1552,2102,1,0,2,1,3,1,3.5,3,6,2,2,2006,179900
60,15138,1Fam,5,1995,1996,16,15,PConc,773,689,1462,2794,3483,1,0,2,1,3,1,3.5,4,9,3,7,2009,403000
60,7851,1Fam,5,2002,2002,9,9,PConc,235,625,860,1960,2585,1,0,2,1,3,1,3.5,4,8,2,5,2010,216500
60,9453,1Fam,7,1993,2003,18,8,PConc,594,402,996,1744,2146,0,0,2,1,2,1,2.5,3,7,2,2,2010,194500
60,8880,1Fam,5,1994,2002,17,9,PConc,253,695,948,2110,2805,1,0,2,1,3,1,3.5,3,8,2,5,2010,205000
60,11317,1Fam,5,2003,2003,8,8,PConc,840,0,840,1668,1668,0,0,2,1,2,1,2.5,3,8,2,9,2007,180000
60,8366,1Fam,5,2004,2004,7,7,PConc,798,0,798,1640,1640,0,0,2,1,2,1,2.5,3,6,2,12,2008,173000
60,8738,1Fam,5,1999,1999,12,12,PConc,975,0,975,2291,2291,0,0,2,1,2,1,2.5,4,8,2,2,2006,230000
60,8791,1Fam,5,2003,2003,8,8,PConc,361,503,864,1728,2231,0,0,2,1,2,1,2.5,3,7,2,5,2008,207500
60,12435,1Fam,5,2001,2001,10,10,PConc,602,361,963,1792,2153,0,0,2,1,2,1,2.5,3,7,2,5,2008,231500
60,11207,1Fam,5,1997,1997,14,14,PConc,88,714,802,1511,2225,1,0,2,1,3,1,3.5,3,8,2,6,2006,185000
60,11764,1Fam,7,1999,2007,12,4,PConc,628,524,1152,2270,2794,0,0,2,1,2,1,2.5,4,9,3,4,2010,290000
60,10005,1Fam,5,1977,1977,34,34,CBlock,768,392,1160,2022,2414,0,0,2,1,2,1,2.5,4,8,2,3,2008,192000
60,11287,1Fam,6,1989,1989,22,22,CBlock,386,421,807,1982,2403,0,0,2,1,2,1,2.5,3,7,2,1,2007,228500
60,16659,1Fam,7,1977,1994,34,17,CBlock,0,795,795,2263,3058,1,0,2,1,3,1,3.5,3,9,2,3,2006,235000
60,7399,1Fam,5,1997,1998,14,13,PConc,326,649,975,1950,2599,0,0,2,1,2,1,2.5,3,7,2,6,2007,239000
60,11700,1Fam,6,1968,1968,43,43,CBlock,143,559,702,1743,2302,0,1,1,2,1,3,2.5,3,7,2,6,2007,175000
60,16226,1Fam,5,1998,1999,13,12,PConc,747,281,1028,2452,2733,0,0,2,1,2,1,2.5,4,9,2,5,2007,267000
60,13474,1Fam,5,1990,1991,21,20,CBlock,0,700,700,2243,2943,1,0,2,1,3,1,3.5,4,8,3,6,2007,225000
60,7685,1Fam,5,1993,1994,18,17,PConc,179,518,697,1501,2019,0,0,2,1,2,1,2.5,3,6,2,5,2006,165600
60,7795,1Fam,5,2004,2005,7,6,PConc,291,425,716,1432,1857,1,0,2,1,3,1,3.5,3,6,2,7,2009,188500
60,13005,1Fam,7,1980,1980,31,31,CBlock,153,692,845,2353,3045,1,0,2,1,3,1,3.5,4,10,2,8,2009,260000
60,9000,1Fam,5,2006,2006,5,5,PConc,1088,0,1088,1959,1959,0,0,2,1,2,1,2.5,3,8,3,12,2007,270000
60,9900,1Fam,5,1993,1993,18,18,PConc,360,987,1347,2646,3633,1,0,2,1,3,1,3.5,4,9,3,4,2009,260000
60,12099,1Fam,5,2004,2004,7,7,PConc,166,970,1136,2468,3438,1,0,2,1,3,1,3.5,4,10,3,6,2007,354000
60,10380,1Fam,5,1986,1987,25,24,CBlock,0,1502,1502,2730,4232,1,0,2,1,3,1,3.5,4,8,2,8,2007,301000
60,9042,1Fam,5,1998,1998,13,13,PConc,115,828,943,1638,2466,1,0,2,1,3,1,3.5,3,7,2,7,2008,192000
60,14191,1Fam,5,2002,2002,9,9,PConc,967,0,967,1908,1908,0,0,2,1,2,1,2.5,4,9,2,4,2010,202900
60,12011,1Fam,5,1998,1998,13,13,PConc,130,956,1086,1924,2880,1,0,2,1,3,1,3.5,3,7,2,6,2006,280000
60,18800,1Fam,5,1976,1976,35,35,PConc,84,712,796,1574,2286,1,0,2,1,3,1,3.5,3,6,2,7,2006,190000
60,8121,1Fam,5,2000,2000,11,11,PConc,953,0,953,1664,1664,0,0,2,1,2,1,2.5,3,7,2,1,2006,172400
60,8200,1Fam,5,2003,2004,8,7,PConc,847,0,847,1928,1928,0,0,2,1,2,1,2.5,4,8,2,7,2007,219500
60,11143,1Fam,5,2004,2005,7,6,PConc,1580,0,1580,2466,2466,0,0,3,0,3,0,3,4,8,2,12,2007,340000
60,8123,1Fam,5,2000,2000,11,11,PConc,982,0,982,1800,1800,0,0,2,1,2,1,2.5,3,7,2,6,2009,179000
60,9245,1Fam,5,2006,2006,5,5,PConc,939,0,939,1797,1797,0,0,2,1,2,1,2.5,3,8,2,4,2007,213500
60,53107,1Fam,5,1992,1992,19,19,PConc,595,985,1580,1953,2938,1,0,2,1,3,1,3.5,3,9,2,6,2007,240000
60,12209,1Fam,5,2001,2002,10,9,PConc,114,690,804,1961,2651,1,0,2,1,3,1,3.5,3,7,2,6,2009,215000
60,7590,1Fam,5,1962,1962,49,49,CBlock,324,540,864,1812,2352,0,0,2,0,2,0,2,4,8,1,7,2007,169500
60,8125,1Fam,5,2006,2007,5,4,PConc,280,812,1092,1550,2362,1,0,2,0,3,0,3,2,7,2,10,2009,241000
60,10364,1Fam,5,1995,1996,16,15,PConc,806,0,806,1572,1572,0,0,2,1,2,1,2.5,3,7,2,5,2007,168000
60,11228,1Fam,5,1993,1993,18,18,PConc,499,581,1080,2097,2678,0,1,2,1,2,2,3,3,9,3,12,2008,228000
60,7844,1Fam,7,1978,1978,33,33,CBlock,463,209,672,1400,1609,0,0,1,1,1,1,1.5,3,6,2,3,2006,149500
60,9200,1Fam,5,1998,1998,13,13,PConc,484,986,1470,2630,3616,1,0,2,1,3,1,3.5,4,8,3,6,2008,315000
60,3378,1Fam,8,1946,1992,65,19,CBlock,651,0,651,1389,1389,0,0,1,1,1,1,1.5,3,6,1,9,2009,135000
60,10839,1Fam,5,1997,1998,14,13,PConc,926,0,926,1604,1604,0,0,2,1,2,1,2.5,3,7,2,7,2008,181000
60,10667,1Fam,6,1996,1996,15,15,PConc,70,729,799,1661,2390,1,0,2,1,3,1,3.5,3,6,2,4,2009,212000
60,8750,1Fam,5,1994,1995,17,16,PConc,273,642,915,1908,2550,1,0,2,1,3,1,3.5,4,8,2,7,2008,210000
60,11214,1Fam,5,1998,1999,13,12,PConc,930,0,930,1886,1886,0,0,2,1,2,1,2.5,4,10,2,7,2006,199900
60,9303,1Fam,5,1996,1997,15,14,PConc,130,742,872,1756,2498,1,0,2,1,3,1,3.5,3,7,2,7,2007,204000
60,9000,1Fam,5,2008,2008,3,3,PConc,768,0,768,1590,1590,0,0,2,1,2,1,2.5,3,6,2,6,2009,210000
60,9291,1Fam,5,1993,1993,18,18,PConc,406,426,832,1710,2136,0,0,2,1,2,1,2.5,3,7,2,6,2008,187000
60,11952,1Fam,6,1977,1977,34,34,CBlock,808,0,808,1969,1969,0,0,2,1,2,1,2.5,3,8,2,11,2007,190000
60,13693,1Fam,5,2006,2006,5,5,PConc,2153,0,2153,2643,2643,0,0,2,1,2,1,2.5,3,9,3,3,2007,380000
60,9803,1Fam,5,2005,2005,6,6,PConc,466,400,866,1768,2168,0,0,2,1,2,1,2.5,3,7,2,2,2008,226700
60,9554,1Fam,5,1993,1994,18,17,PConc,397,380,777,1911,2291,0,0,2,1,2,1,2.5,3,8,2,9,2006,215000
60,10208,1Fam,5,1996,1997,15,14,PConc,1264,0,1264,2344,2344,0,0,2,1,2,1,2.5,3,7,3,7,2009,265000
60,9531,1Fam,5,1998,1998,13,13,PConc,88,706,794,1796,2502,1,0,2,1,3,1,3.5,3,7,2,5,2007,211000
60,11787,1Fam,5,1996,1997,15,14,PConc,660,719,1379,2398,3117,1,0,2,1,3,1,3.5,3,8,3,8,2007,315750
60,9056,1Fam,5,2004,2004,7,7,PConc,707,0,707,1414,1414,0,0,2,1,2,1,2.5,3,6,2,10,2006,178000
60,8924,1Fam,5,1998,1999,13,12,PConc,880,0,880,1724,1724,0,0,2,1,2,1,2.5,3,8,2,7,2008,188000
60,11000,1Fam,5,2000,2000,11,11,PConc,969,0,969,2285,2285,0,0,2,1,2,1,2.5,4,8,3,6,2007,248000
60,9375,1Fam,5,2003,2004,8,7,PConc,912,0,912,2094,2094,0,0,2,1,2,1,2.5,4,8,2,11,2009,263000
60,10625,1Fam,5,2003,2004,8,7,PConc,132,866,998,2046,2912,1,0,2,1,3,1,3.5,3,8,3,8,2008,284000
60,21872,1Fam,5,1996,1997,15,14,PConc,125,604,729,1446,2050,0,1,2,1,2,2,3,3,6,2,8,2008,175000
60,13346,1Fam,5,1992,2000,19,11,PConc,367,728,1095,2295,3023,1,0,2,1,3,1,3.5,4,9,2,7,2006,268000
60,11198,1Fam,5,2005,2007,6,4,PConc,1122,0,1122,2504,2504,0,0,2,1,2,1,2.5,4,11,3,6,2008,325000
60,8320,1Fam,5,2004,2004,7,7,PConc,280,490,770,1582,2072,0,0,2,1,2,1,2.5,3,6,2,9,2008,185900
60,13478,1Fam,5,2008,2008,3,3,PConc,384,1338,1722,2296,3634,1,0,2,1,3,1,3.5,3,10,3,6,2009,451950
60,10927,1Fam,5,2005,2005,6,6,PConc,512,546,1058,1904,2450,1,0,2,1,3,1,3.5,3,8,2,6,2006,275000
60,13600,1Fam,6,1965,1990,46,21,CBlock,314,454,768,1986,2440,0,0,2,1,2,1,2.5,3,7,2,10,2009,205000
60,11050,1Fam,5,2000,2000,11,11,PConc,536,904,1440,2153,3057,1,0,2,1,3,1,3.5,3,8,3,5,2009,313000
60,11885,1Fam,5,2001,2001,10,10,PConc,309,990,1299,1872,2862,1,0,2,1,3,1,3.5,3,7,2,11,2009,261500
60,7861,1Fam,5,2002,2003,9,8,PConc,326,457,783,1509,1966,1,0,2,1,3,1,3.5,3,7,2,6,2006,183200
60,12244,1Fam,5,2003,2003,8,8,PConc,611,871,1482,2262,3133,1,0,2,1,3,1,3.5,4,10,3,8,2008,305000
60,10800,1Fam,7,1974,1997,37,14,CBlock,384,1138,1522,2614,3752,0,0,2,1,2,1,2.5,4,9,2,6,2008,240000
60,10400,1Fam,5,1972,1972,39,39,CBlock,485,247,732,1790,2037,1,0,1,2,2,2,3,4,8,2,11,2006,165150
60,7050,1Fam,5,2001,2001,10,10,PConc,319,738,1057,1929,2667,1,0,2,1,3,1,3.5,3,7,2,5,2007,226000
60,10793,1Fam,5,1969,1969,42,42,CBlock,0,780,780,1620,2400,0,0,2,1,2,1,2.5,4,7,2,4,2007,152000
60,7700,1Fam,5,1966,1966,45,45,CBlock,756,0,756,1839,1839,0,0,1,1,1,1,1.5,4,7,2,6,2010,155000
60,8125,1Fam,6,2007,2007,4,4,PConc,813,0,813,1665,1665,0,0,2,1,2,1,2.5,3,7,2,5,2008,205950
60,8750,1Fam,5,1996,1996,15,15,PConc,880,0,880,1716,1716,0,0,2,1,2,1,2.5,2,7,2,7,2009,191000
60,12384,1Fam,7,1976,1976,35,35,CBlock,793,0,793,1935,1935,0,0,2,1,2,1,2.5,3,7,2,11,2007,197900
60,46589,1Fam,7,1994,2005,17,6,PConc,88,1541,1629,2448,3989,1,0,2,1,3,1,3.5,4,8,3,7,2009,402000
60,11194,1Fam,5,2000,2000,11,11,PConc,1406,0,1406,1936,1936,0,0,2,1,2,1,2.5,3,7,2,11,2006,230500
60,8633,1Fam,5,2005,2005,6,6,PConc,545,193,738,1476,1669,1,0,2,1,3,1,3.5,3,7,2,2,2009,173500
60,16770,1Fam,5,1998,1998,13,13,PConc,1195,0,1195,1839,1839,0,0,2,1,2,1,2.5,4,7,2,6,2010,221000
60,21535,1Fam,6,1994,1995,17,16,PConc,989,1455,2444,4316,5771,0,1,3,1,3,2,4,4,10,3,1,2007,755000
60,26178,1Fam,5,1989,1990,22,21,PConc,245,965,1210,2519,3484,1,0,2,1,3,1,3.5,4,9,2,4,2006,335000
60,13517,1Fam,8,1976,2005,35,6,CBlock,192,533,725,1479,2012,0,0,2,1,2,1,2.5,3,6,2,3,2010,130500
60,10542,1Fam,5,1993,1994,18,17,PConc,138,1173,1311,2418,3591,1,0,2,1,3,1,3.5,3,9,3,8,2008,341000
60,11404,1Fam,5,1998,1999,13,12,PConc,901,252,1153,2031,2283,0,0,2,1,2,1,2.5,3,8,2,7,2008,222500
60,10463,1Fam,5,2005,2005,6,6,PConc,893,0,893,1801,1801,0,0,2,1,2,1,2.5,3,8,3,6,2006,239900
60,9313,1Fam,5,2004,2004,7,7,PConc,864,0,864,1728,1728,0,0,2,1,2,1,2.5,3,7,2,4,2009,190000
60,8963,1Fam,9,1976,1996,35,15,CBlock,487,655,1142,2715,3370,0,1,3,1,3,2,4,4,11,2,7,2008,299800
60,8795,1Fam,5,2000,2000,11,11,PConc,652,300,952,2256,2556,0,0,2,1,2,1,2.5,4,8,2,4,2009,236000
60,7750,1Fam,5,2003,2003,8,8,PConc,660,0,660,1320,1320,0,0,2,1,2,1,2.5,3,6,2,8,2007,162000
60,10240,1Fam,5,2005,2005,6,6,PConc,1030,0,1030,2098,2098,0,0,2,1,2,1,2.5,3,8,3,3,2006,275500
60,10769,1Fam,5,2007,2007,4,4,PConc,846,20,866,1768,1788,0,0,2,1,2,1,2.5,3,7,2,4,2009,212000
60,12257,1Fam,5,1995,1995,16,16,PConc,1198,120,1318,2531,2651,0,0,2,1,2,1,2.5,4,9,3,11,2007,290000
60,8640,1Fam,5,2009,2009,2,2,PConc,732,24,756,1547,1571,0,0,2,1,2,1,2.5,3,7,2,6,2010,215200
60,9430,1Fam,5,1999,1999,12,12,PConc,89,1163,1252,2365,3528,1,0,2,1,3,1,3.5,3,8,3,7,2009,337000
60,10421,1Fam,5,1988,1988,23,23,CBlock,586,394,980,1714,2108,0,0,2,1,2,1,2.5,3,7,2,3,2010,196500
60,53504,1Fam,5,2003,2003,8,8,PConc,234,1416,1650,3279,4695,1,0,3,1,4,1,4.5,4,12,3,6,2010,538000
60,7153,1Fam,5,1992,1992,19,19,PConc,374,387,761,1603,1990,0,0,2,1,2,1,2.5,3,7,2,7,2006,175900
60,10142,1Fam,5,2004,2004,7,7,PConc,300,656,956,2084,2740,1,0,2,1,3,1,3.5,4,8,2,1,2010,233000
60,12205,1Fam,8,1966,2007,45,4,CBlock,264,568,832,2087,2655,0,0,2,1,2,1,2.5,5,9,2,7,2007,187500
60,9920,1Fam,5,1996,1997,15,14,PConc,255,862,1117,2013,2875,1,0,2,1,3,1,3.5,3,8,2,6,2007,269790
60,10832,1Fam,5,1994,1996,17,15,PConc,712,0,712,1895,1895,0,0,2,1,2,1,2.5,3,7,2,10,2008,194500
60,8400,1Fam,6,1980,1981,31,30,CBlock,650,0,650,1564,1564,0,0,2,1,2,1,2.5,3,7,2,4,2010,171000
60,12798,1Fam,5,1997,1997,14,14,PConc,154,462,616,1688,2150,1,0,2,1,3,1,3.5,4,8,2,5,2008,200000
60,8199,1Fam,5,2005,2005,6,6,PConc,80,648,728,1456,2104,1,0,2,1,3,1,3.5,3,7,2,10,2008,189000
60,7226,1Fam,5,2003,2003,8,8,PConc,798,0,798,1640,1640,0,0,2,1,2,1,2.5,3,6,2,6,2008,183000
60,9548,1Fam,6,2003,2003,8,8,PConc,458,483,941,1829,2312,1,0,2,1,3,1,3.5,3,7,2,1,2010,237000
60,9317,1Fam,5,1993,1993,18,18,PConc,227,513,740,1775,2288,1,0,2,1,3,1,3.5,3,7,2,7,2009,213000
60,8125,1Fam,5,1994,1995,17,16,PConc,702,0,702,1481,1481,0,0,2,1,2,1,2.5,3,6,2,3,2009,174000
60,11029,1Fam,7,1968,1984,43,27,CBlock,435,619,1054,2654,3273,1,0,2,1,3,1,3.5,4,9,2,8,2006,250000
60,14762,1Fam,6,1948,1950,63,61,Slab,0,0,0,2320,2320,0,0,2,0,2,0,2,2,7,2,5,2006,169000
60,9938,1Fam,5,1993,1994,18,17,PConc,300,750,1050,1949,2699,1,0,2,1,3,1,3.5,3,8,2,6,2010,236000
60,8750,1Fam,5,1998,1998,13,13,PConc,299,505,804,1682,2187,0,0,2,1,2,1,2.5,3,7,2,6,2010,200500
60,8834,1Fam,5,2004,2005,7,6,PConc,292,1170,1462,2224,3394,1,0,2,1,3,1,3.5,4,10,3,6,2009,350000
60,9636,1Fam,5,1992,1993,19,18,PConc,808,0,808,1593,1593,0,0,2,1,2,1,2.5,3,7,2,12,2009,178000
60,11184,1Fam,5,1978,1978,33,33,CBlock,192,726,918,1683,2409,0,0,2,1,2,1,2.5,3,7,2,7,2009,172500
60,7056,1Fam,5,1963,1963,48,48,CBlock,380,400,780,1796,2196,1,0,1,1,2,1,2.5,4,8,2,10,2008,140000
60,7875,1Fam,5,2003,2003,8,8,PConc,783,0,783,1509,1509,0,0,2,1,2,1,2.5,3,8,2,7,2006,180000
60,12589,1Fam,5,2005,2005,6,6,PConc,742,0,742,1484,1484,0,0,2,1,2,1,2.5,3,8,2,6,2009,174000
60,13125,1Fam,5,1991,1991,20,20,PConc,422,682,1104,2127,2809,1,0,2,1,3,1,3.5,4,8,3,11,2007,238000
60,8462,1Fam,5,1994,1994,17,17,PConc,114,814,928,1721,2535,0,1,2,1,2,2,3,3,7,2,7,2007,201000
60,11999,1Fam,5,2003,2004,8,7,PConc,1181,0,1181,2374,2374,0,0,2,1,2,1,2.5,4,10,3,5,2007,285000
60,9900,1Fam,5,1968,1968,43,43,CBlock,280,552,832,1978,2530,0,0,2,1,2,1,2.5,4,9,2,4,2008,176000
60,13006,1Fam,5,1997,1997,14,14,PConc,964,0,964,2236,2236,0,0,2,1,2,1,2.5,4,8,2,11,2006,222000
60,9675,1Fam,5,2005,2005,6,6,PConc,772,341,1113,1971,2312,0,0,2,1,2,1,2.5,3,8,2,2,2009,253000
60,8755,1Fam,5,1999,1999,12,12,PConc,220,772,992,2060,2832,1,0,2,1,3,1,3.5,3,8,2,6,2009,214000
60,14006,1Fam,5,2002,2002,9,9,PConc,936,0,936,1776,1776,0,0,2,1,2,1,2.5,3,7,2,2,2006,192500
60,11075,1Fam,4,1969,1969,42,42,CBlock,29,755,784,1968,2723,0,1,2,1,2,2,3,4,7,2,9,2008,172000
60,12227,1Fam,7,1977,1995,34,16,CBlock,434,896,1330,2872,3768,1,0,2,1,3,1,3.5,4,11,2,7,2008,272000
60,11316,1Fam,5,2002,2003,9,8,PConc,193,624,817,1894,2518,1,0,2,1,3,1,3.5,4,8,2,2,2010,214900
60,12203,1Fam,5,1998,1999,13,12,PConc,371,854,1225,2612,3466,1,0,2,1,3,1,3.5,4,8,3,7,2009,336000
60,11250,1Fam,5,2002,2002,9,9,PConc,1128,0,1128,2290,2290,0,0,2,1,2,1,2.5,4,9,2,5,2008,255900
60,12046,1Fam,6,1976,1976,35,35,CBlock,692,156,848,2030,2186,0,0,2,1,2,1,2.5,4,8,2,6,2007,195000
60,9452,1Fam,5,1997,1998,14,13,PConc,322,1074,1396,2392,3466,1,0,2,1,3,1,3.5,3,7,3,6,2006,348000
60,9760,1Fam,8,1964,1993,47,18,CBlock,169,653,822,1851,2504,0,0,2,1,2,1,2.5,3,7,2,7,2007,187000
60,8400,1Fam,6,2001,2001,10,10,PConc,167,643,810,1665,2308,1,0,2,1,3,1,3.5,3,6,2,11,2009,227000
60,9240,1Fam,5,2001,2002,10,9,PConc,1055,0,1055,2263,2263,0,0,2,1,2,1,2.5,3,7,2,9,2008,287000
60,9130,1Fam,8,1966,2000,45,11,CBlock,336,464,800,1632,2096,0,1,1,1,1,2,2,4,7,2,7,2008,173000
60,11839,1Fam,5,1990,1990,21,21,PConc,390,1085,1475,2329,3414,1,0,2,1,3,1,3.5,4,10,2,5,2008,262280
60,9500,1Fam,6,1964,1978,47,33,CBlock,374,442,816,1977,2419,0,1,1,1,1,2,2,4,9,2,6,2007,165000
60,11367,1Fam,5,2002,2002,9,9,PConc,133,932,1065,1989,2921,1,0,2,1,3,1,3.5,3,7,2,11,2006,255000
60,29959,1Fam,6,1994,1994,17,17,PConc,378,595,973,1850,2445,0,0,2,1,2,1,2.5,3,7,2,1,2009,248000
60,11308,1Fam,5,2008,2008,3,3,PConc,168,936,1104,2184,3120,1,0,2,1,3,1,3.5,3,10,3,7,2009,335000
60,14000,1Fam,5,1996,1997,15,14,PConc,105,1201,1306,2260,3461,1,0,2,1,3,1,3.5,3,7,2,4,2010,328000
60,7837,1Fam,7,1993,1994,18,17,PConc,799,0,799,1571,1571,0,0,2,1,2,1,2.5,3,7,2,5,2009,178000
60,9760,1Fam,6,1964,1964,47,47,CBlock,0,780,780,1611,2391,1,0,1,1,2,1,2.5,4,7,2,6,2008,167900
60,11700,1Fam,6,1968,1968,43,43,CBlock,429,298,727,1556,1854,0,0,1,1,1,1,1.5,4,8,2,5,2009,154000
60,7950,1Fam,6,1977,1977,34,34,CBlock,155,535,690,1426,1961,0,0,1,1,1,1,1.5,3,6,2,7,2009,159500
60,13031,1Fam,5,1995,1996,16,15,PConc,99,592,691,1498,2090,0,0,2,1,2,1,2.5,3,6,2,7,2006,187500
60,10574,1Fam,5,2005,2006,6,5,PConc,1082,0,1082,1953,1953,0,0,2,1,2,1,2.5,3,9,3,5,2009,252000
60,12256,1Fam,5,1994,1995,17,16,PConc,431,1032,1463,2622,3654,1,0,2,1,3,1,3.5,3,9,2,4,2010,325000
60,8000,1Fam,5,1995,1996,16,15,PConc,554,219,773,1658,1877,1,0,2,1,3,1,3.5,3,8,2,6,2008,188000
60,10480,1Fam,6,1976,1976,35,35,CBlock,400,403,803,1964,2367,0,0,2,1,2,1,2.5,4,8,2,9,2008,205000
60,11796,1Fam,5,2004,2005,7,6,PConc,847,0,847,1959,1959,0,0,2,1,2,1,2.5,4,8,2,7,2007,215000
60,9828,1Fam,5,1995,1995,16,16,PConc,544,584,1128,2020,2604,0,0,2,1,2,1,2.5,3,8,2,6,2009,239500
60,8773,1Fam,5,1997,1997,14,14,PConc,916,0,916,1600,1600,0,0,2,1,2,1,2.5,3,7,2,8,2007,169000
60,10304,1Fam,7,1976,1976,35,35,CBlock,399,381,780,1868,2249,1,0,2,1,3,1,3.5,4,9,2,10,2009,197500
60,13700,1Fam,6,1965,1988,46,23,CBlock,410,454,864,1820,2274,0,0,1,2,1,2,2,4,8,2,5,2008,201800
60,9120,1Fam,6,1974,1974,37,37,CBlock,459,442,901,1876,2318,0,0,2,1,2,1,2.5,4,8,2,7,2008,185000
60,10852,1Fam,5,2000,2000,11,11,PConc,173,786,959,1671,2457,1,0,2,1,3,1,3.5,3,7,2,2,2006,173000
60,35760,1Fam,5,1995,1996,16,15,PConc,543,1387,1930,3627,5014,1,0,3,1,4,1,4.5,4,10,3,7,2006,625000
60,11170,1Fam,5,1990,1991,21,20,Wood,0,1216,1216,2514,3730,0,0,2,1,2,1,2.5,4,8,2,4,2006,250000
60,8935,1Fam,5,2002,2002,9,9,PConc,831,0,831,1660,1660,0,0,2,1,2,1,2.5,3,7,2,7,2009,195000
60,7500,1Fam,5,1999,1999,12,12,PConc,994,0,994,1804,1804,0,0,2,1,2,1,2.5,3,7,2,6,2010,189000
60,9364,1Fam,7,1969,1969,42,42,CBlock,292,371,663,1352,1723,0,0,1,1,1,1,1.5,4,7,1,3,2010,158000
60,8029,1Fam,5,2005,2005,6,6,PConc,728,0,728,1456,1456,0,0,2,1,2,1,2.5,3,8,2,7,2008,176000
60,10400,1Fam,5,1998,1998,13,13,PConc,866,0,866,1779,1779,0,0,2,1,2,1,2.5,3,6,2,3,2009,197900
60,11218,1Fam,5,1992,1992,19,19,PConc,1055,0,1055,1845,1845,0,0,2,1,2,1,2.5,3,8,2,5,2010,189000
60,15384,1Fam,5,2004,2005,7,6,PConc,64,724,788,1490,2214,1,0,2,1,3,1,3.5,3,8,2,2,2008,184000
60,14598,1Fam,5,2007,2007,4,4,PConc,894,0,894,1933,1933,0,0,2,1,2,1,2.5,4,9,3,1,2008,214000
60,12393,1Fam,5,2004,2005,7,6,PConc,847,0,847,1948,1948,0,0,2,1,2,1,2.5,4,8,2,9,2006,195000
60,8158,1Fam,5,2003,2003,8,8,PConc,334,550,884,1768,2318,1,0,2,1,3,1,3.5,3,8,2,7,2008,224900
60,17542,1Fam,7,1974,2003,37,8,CBlock,36,1156,1192,2167,3323,1,0,2,1,3,1,3.5,3,9,2,7,2007,294000
60,6931,1Fam,5,2003,2004,8,7,PConc,746,0,746,1656,1656,0,0,2,1,2,1,2.5,3,7,2,7,2008,165400
60,24682,1Fam,5,1999,1999,12,12,PConc,841,0,841,1675,1675,0,0,2,1,2,1,2.5,3,7,2,6,2009,181000
60,12936,1Fam,6,1972,1972,39,39,CBlock,130,593,723,1395,1988,0,1,1,1,1,2,2,3,6,2,12,2009,162000
60,9473,1Fam,5,2002,2002,9,9,PConc,324,804,1128,2031,2835,1,0,2,1,3,1,3.5,3,7,2,3,2008,237000
60,10140,1Fam,5,1976,1976,35,35,PConc,638,194,832,1664,1858,0,0,2,1,2,1,2.5,4,8,2,3,2006,162900
60,10762,1Fam,5,1999,1999,12,12,PConc,284,694,978,1983,2677,0,0,2,1,2,1,2.5,3,9,2,5,2009,225000
60,10120,1Fam,5,1994,1994,17,17,PConc,425,740,1165,2526,3266,1,0,2,1,3,1,3.5,4,8,3,12,2006,290000
60,9572,1Fam,5,1990,1990,21,21,PConc,971,482,1453,2810,3292,0,0,2,1,2,1,2.5,4,9,2,6,2007,302000
60,14774,1Fam,5,1999,1999,12,12,PConc,1393,0,1393,2599,2599,0,0,2,1,2,1,2.5,4,10,3,5,2010,333168
60,11075,1Fam,5,1969,1969,42,42,CBlock,176,776,952,2112,2888,0,0,2,1,2,1,2.5,4,9,2,6,2008,206900
60,10186,1Fam,5,1992,1992,19,19,PConc,76,674,750,1923,2597,1,0,2,1,3,1,3.5,3,8,2,6,2010,190000
60,9084,1Fam,5,1998,1998,13,13,PConc,935,0,935,1632,1632,0,0,2,1,2,1,2.5,3,8,2,6,2006,176500
60,13450,1Fam,5,2002,2002,9,9,PConc,216,700,916,1861,2561,1,0,2,1,3,1,3.5,3,8,2,6,2006,200000
60,9375,1Fam,5,2002,2002,9,9,PConc,1284,0,1284,2169,2169,0,0,2,1,2,1,2.5,3,7,2,8,2007,228500
60,9247,1Fam,6,1962,1962,49,49,CBlock,539,319,858,1716,2035,0,0,1,1,1,1,1.5,4,8,2,3,2008,171000
60,10316,1Fam,5,2000,2000,11,11,PConc,257,735,992,1865,2600,1,0,2,1,3,1,3.5,3,7,3,6,2008,235000
60,7500,1Fam,5,2000,2000,11,11,PConc,281,533,814,1674,2207,1,0,2,1,3,1,3.5,3,7,2,1,2010,216000
60,9750,1Fam,6,1998,1998,13,13,PConc,133,975,1108,2097,3072,1,0,2,1,3,1,3.5,3,8,2,6,2006,274300
60,10625,1Fam,5,2005,2005,6,6,PConc,1026,0,1026,1958,1958,0,0,2,1,2,1,2.5,3,9,3,7,2008,250000
60,16692,1Fam,5,1978,1978,33,33,CBlock,133,1259,1392,2784,4043,1,0,3,1,4,1,4.5,5,12,2,7,2006,250000
60,12665,1Fam,5,2005,2006,6,5,PConc,1094,0,1094,2482,2482,0,0,2,1,2,1,2.5,4,9,3,2,2007,281213
60,7415,1Fam,5,2004,2004,7,7,PConc,80,759,839,1593,2352,1,0,2,1,3,1,3.5,3,8,2,4,2008,193000
60,20544,1Fam,6,1986,1991,25,20,CBlock,791,0,791,2093,2093,0,0,2,1,2,1,2.5,3,7,2,11,2008,215000
60,12420,1Fam,5,2001,2001,10,10,PConc,278,666,944,1840,2506,1,0,2,1,3,1,3.5,3,6,2,6,2009,230000
60,16545,1Fam,5,1998,1998,13,13,PConc,503,781,1284,2450,3231,1,0,2,1,3,1,3.5,3,7,3,5,2009,340000
60,11700,1Fam,6,1968,1968,43,43,CBlock,304,404,708,1416,1820,0,0,2,1,2,1,2.5,3,7,2,5,2006,179900
60,10944,1Fam,5,1994,1994,17,17,PConc,223,1000,1223,2127,3127,1,0,2,1,3,1,3.5,3,5,2,8,2008,271000
60,21930,1Fam,5,2005,2005,6,6,PConc,732,0,732,1838,1838,0,0,2,1,2,1,2.5,4,7,2,7,2006,192140
60,10261,1Fam,5,2000,2000,11,11,PConc,936,0,936,1792,1792,1,0,2,1,3,1,3.5,3,8,2,5,2008,186500
60,11584,1Fam,6,1979,1979,32,32,CBlock,114,425,539,1725,2150,0,0,2,1,2,1,2.5,3,6,2,11,2007,197000
60,11003,1Fam,5,2008,2008,3,3,PConc,252,765,1017,2007,2772,1,0,2,1,3,1,3.5,3,10,3,4,2009,310000
60,10000,1Fam,5,1995,1996,16,15,PConc,141,1079,1220,2090,3169,1,0,2,1,3,1,3.5,3,8,2,12,2007,240000
60,7917,1Fam,5,1999,2000,12,11,PConc,953,0,953,1647,1647,0,0,2,1,2,1,2.5,3,7,2,8,2007,175000
75,7200,1Fam,7,1920,1996,91,15,BrkTil,530,0,530,1111,1111,0,0,1,0,1,0,1,3,6,1,3,2007,101000
75,22950,1Fam,9,1892,1993,119,18,BrkTil,1107,0,1107,3608,3608,0,0,2,1,2,1,2.5,4,12,3,6,2006,475000
75,8400,1Fam,8,1939,1997,72,14,PConc,342,378,720,2192,2570,0,0,2,1,2,1,2.5,4,8,1,7,2008,179500
75,18386,1Fam,9,1880,2002,131,9,BrkTil,1470,0,1470,3493,3493,0,0,3,0,3,0,3,3,10,3,5,2008,295000
75,11888,1Fam,6,1916,1994,95,17,BrkTil,844,0,844,2134,2134,0,0,2,0,2,0,2,5,10,2,7,2009,214500
75,13500,1Fam,9,1893,2000,118,11,BrkTil,1237,0,1237,2775,2775,0,0,3,1,3,1,3.5,3,9,2,7,2008,325000
75,10800,1Fam,7,1914,1970,97,41,BrkTil,490,390,880,1768,2158,0,0,1,1,1,1,1.5,2,6,2,10,2006,163000
75,6300,1Fam,6,1914,2001,97,10,CBlock,742,0,742,1484,1484,0,0,2,0,2,0,2,3,9,0,6,2008,128000
75,8100,1Fam,5,1898,1965,113,46,PConc,849,0,849,2138,2138,0,0,2,0,2,0,2,2,11,2,11,2009,106000
75,7128,1Fam,5,1941,1950,70,61,CBlock,554,364,918,1646,2010,0,0,2,0,2,0,2,4,7,1,8,2007,164000
75,6204,1Fam,5,1912,1950,99,61,PConc,795,0,795,2230,2230,1,0,1,0,2,0,2,5,10,1,3,2006,118500
75,15863,1Fam,3,1920,1970,91,41,BrkTil,301,523,824,3082,3605,1,0,2,1,3,1,3.5,5,12,2,8,2009,197000
75,8850,1Fam,6,1916,1950,95,61,BrkTil,815,0,815,1690,1690,0,0,1,0,1,0,1,3,7,1,7,2006,144000
75,9600,1Fam,5,1917,1950,94,61,BrkTil,416,319,735,2058,2377,0,0,1,1,1,1,1.5,3,8,2,4,2008,129500
160,3230,TwnhsE,5,1999,1999,12,12,PConc,310,419,729,1458,1877,0,0,2,1,2,1,2.5,2,5,2,6,2007,176000
160,2522,Twnhs,5,2004,2006,7,5,PConc,970,0,970,1709,1709,0,0,2,0,2,0,2,3,7,2,4,2006,130000
160,5306,TwnhsE,7,1987,1987,24,24,PConc,354,710,1064,1767,2477,1,0,2,0,3,0,3,2,5,2,6,2006,239000
160,2117,Twnhs,5,2000,2000,11,11,PConc,320,436,756,1525,1961,0,0,2,1,2,1,2.5,3,5,2,6,2007,177000
160,2522,Twnhs,5,2004,2004,7,7,PConc,970,0,970,1709,1709,0,0,2,0,2,0,2,3,7,2,5,2006,130000
160,2280,Twnhs,6,1976,1976,35,35,CBlock,289,566,855,1456,2022,0,0,2,1,2,1,2.5,3,7,2,7,2009,148500
160,1869,Twnhs,6,1970,1970,41,41,CBlock,162,321,483,987,1308,0,0,1,1,1,1,1.5,2,5,1,9,2008,106000
160,1680,Twnhs,5,1972,1972,39,39,CBlock,483,0,483,987,987,0,0,1,1,1,1,1.5,2,5,1,6,2006,94500
160,1680,TwnhsE,3,1971,1971,40,40,CBlock,125,358,483,987,1345,0,0,1,1,1,1,1.5,2,5,1,8,2008,89500
160,10762,TwnhsE,6,1980,1980,31,31,CBlock,626,0,626,1217,1217,0,0,1,1,1,1,1.5,3,6,1,4,2009,120000
160,2592,TwnhsE,3,1976,1976,35,35,CBlock,175,361,536,1112,1473,0,0,1,1,1,1,1.5,3,4,1,4,2010,85000
160,2448,Twnhs,5,2003,2004,8,7,PConc,191,573,764,1626,2199,1,0,2,1,3,1,3.5,2,6,2,10,2008,154000
160,1680,Twnhs,8,1972,2007,39,4,CBlock,321,162,483,987,1149,0,0,1,1,1,1,1.5,2,5,1,5,2009,118000
160,1920,TwnhsE,5,1971,1971,40,40,CBlock,294,471,765,1365,1836,1,0,1,1,2,1,2.5,2,6,2,8,2007,122500
160,2665,TwnhsE,6,1976,1976,35,35,PConc,264,0,264,1304,1304,0,0,1,1,1,1,1.5,3,4,1,6,2008,115000
160,1890,Twnhs,5,1973,1973,38,38,CBlock,316,356,672,1218,1574,0,0,1,1,1,1,1.5,3,7,1,5,2007,113000
160,2308,TwnhsE,5,1974,1974,37,37,CBlock,103,752,855,1322,2074,0,1,2,1,2,2,3,3,6,2,6,2009,147000
160,1950,Twnhs,6,1980,1980,31,31,CBlock,23,693,716,1556,2249,1,0,2,1,3,1,3.5,3,6,2,7,2008,151000
160,3182,TwnhsE,5,2004,2005,7,6,PConc,600,0,600,1200,1200,0,0,2,1,2,1,2.5,2,4,2,6,2010,151000
160,2117,TwnhsE,5,2000,2000,11,11,PConc,336,420,756,1512,1932,0,0,2,1,2,1,2.5,2,4,2,6,2007,168500
160,2289,Twnhs,6,1978,1978,33,33,CBlock,544,311,855,1441,1752,0,0,2,1,2,1,2.5,3,7,2,4,2009,148500
160,5062,TwnhsE,5,1984,1984,27,27,CBlock,180,1010,1190,2090,3100,1,0,2,0,3,0,3,3,6,2,9,2007,207500
160,5105,TwnhsE,5,2004,2004,7,7,PConc,312,239,551,1102,1341,0,0,2,1,2,1,2.5,2,4,2,3,2007,148800
160,3230,TwnhsE,5,1999,1999,12,12,PConc,348,381,729,1471,1852,0,0,2,1,2,1,2.5,3,6,2,3,2009,172500
160,2280,Twnhs,5,1999,1999,12,12,PConc,195,549,744,1501,2050,0,0,2,1,2,1,2.5,3,6,2,8,2008,179400
160,2544,Twnhs,5,2005,2005,6,6,PConc,600,0,600,1223,1223,0,0,2,1,2,1,2.5,2,4,2,7,2006,147400
160,3180,TwnhsE,5,2005,2005,6,6,PConc,600,0,600,1200,1200,0,0,2,1,2,1,2.5,2,4,2,6,2006,151000
160,1680,Twnhs,5,1973,1973,38,38,CBlock,153,330,483,987,1317,1,0,1,1,2,1,2.5,2,5,1,11,2008,100000
160,2001,Twnhs,5,1970,1970,41,41,CBlock,546,0,546,1092,1092,0,0,1,1,1,1,1.5,3,6,1,1,2007,75000
160,1300,TwnhsE,6,1980,1980,31,31,CBlock,276,285,561,1229,1514,0,0,1,1,1,1,1.5,2,5,2,5,2009,124000
160,2572,Twnhs,5,1999,1999,12,12,PConc,92,604,696,1416,2020,1,0,2,1,3,1,3.5,3,6,2,5,2010,155000
160,2308,TwnhsE,6,1976,1976,35,35,CBlock,248,556,804,1548,2104,1,0,2,1,3,1,3.5,3,7,2,7,2007,155000
160,2268,Twnhs,5,2003,2004,8,7,PConc,197,567,764,1626,2193,0,0,2,0,2,0,2,2,6,2,7,2009,173000
160,2651,Twnhs,5,2000,2000,11,11,PConc,32,641,673,1382,2023,1,0,2,1,3,1,3.5,3,6,2,4,2006,165000
160,2217,TwnhsE,4,1970,1970,41,41,CBlock,0,546,546,1092,1638,0,0,1,1,1,1,1.5,3,6,1,8,2009,88000
160,1680,Twnhs,7,1972,1972,39,39,CBlock,355,317,672,1218,1535,0,1,1,1,1,2,2,3,7,1,5,2006,118000
160,1533,Twnhs,6,1970,2008,41,3,CBlock,546,0,546,1344,1344,0,0,1,1,1,1,1.5,3,6,0,5,2009,97000
160,3964,TwnhsE,4,1973,1973,38,38,CBlock,105,837,942,2521,3358,1,0,2,1,3,1,3.5,5,10,2,6,2006,151400
160,1974,TwnhsE,5,1973,1973,38,38,CBlock,212,334,546,1092,1426,0,0,1,1,1,1,1.5,3,6,1,5,2010,83500
160,2522,Twnhs,5,2004,2004,7,7,PConc,970,0,970,1709,1709,0,0,2,0,2,0,2,3,7,2,4,2006,137500
160,2160,Twnhs,5,1999,2000,12,11,PConc,90,510,600,1252,1762,1,0,2,1,3,1,3.5,2,4,2,3,2008,160000
160,2016,TwnhsE,5,1970,1970,41,41,CBlock,630,0,630,1302,1302,0,0,2,1,2,1,2.5,3,6,2,4,2007,106000
160,2280,Twnhs,5,1978,1978,33,33,CBlock,544,311,855,1456,1767,0,0,2,1,2,1,2.5,3,7,2,7,2010,146000
160,4017,TwnhsE,5,2006,2007,5,4,PConc,625,0,625,1250,1250,0,0,2,1,2,1,2.5,2,5,2,3,2008,171900
160,2645,Twnhs,5,1999,2000,12,11,PConc,776,0,776,1441,1441,0,0,2,1,2,1,2.5,2,5,2,11,2007,174000
160,2628,Twnhs,5,2003,2003,8,8,PConc,764,0,764,1626,1626,0,0,2,1,2,1,2.5,2,6,2,6,2010,175500
160,3735,TwnhsE,5,1999,1999,12,12,PConc,241,450,691,1452,1902,1,0,2,1,3,1,3.5,3,6,2,3,2006,183900
160,1680,Twnhs,7,1972,1972,39,39,CBlock,399,231,630,1302,1533,0,0,2,1,2,1,2.5,3,6,1,2,2009,119500
160,3363,TwnhsE,5,2004,2004,7,7,PConc,976,0,976,1708,1708,0,0,2,0,2,0,2,3,7,2,4,2006,130000
160,2368,TwnhsE,6,1970,1970,41,41,CBlock,0,765,765,1365,2130,0,0,1,1,1,1,1.5,3,7,2,5,2009,125000
160,2117,Twnhs,5,2000,2000,11,11,PConc,378,378,756,1573,1951,0,0,2,1,2,1,2.5,3,5,2,6,2010,177500
160,2665,TwnhsE,6,1977,1977,34,34,PConc,36,721,757,1475,2196,0,0,2,0,2,0,2,4,6,1,7,2006,127000
160,1953,Twnhs,5,1973,1973,38,38,CBlock,174,309,483,987,1296,0,0,1,1,1,1,1.5,2,5,1,6,2006,83000
60,11924,1Fam,5,2005,2006,6,5,PConc,177,998,1175,2324,3322,1,0,3,0,4,0,4,4,11,3,7,2006,345000
60,14215,1Fam,5,2005,2006,6,5,PConc,1158,0,1158,2376,2376,0,0,3,1,3,1,3.5,4,9,3,11,2006,325300
60,13682,1Fam,5,2006,2006,5,5,PConc,1410,0,1410,2945,2945,0,0,3,1,3,1,3.5,3,10,3,10,2006,438780
60,9965,1Fam,5,2007,2007,4,4,PConc,280,984,1264,2696,3680,1,0,2,1,3,1,3.5,4,10,3,10,2007,383970
60,8461,1Fam,5,2005,2006,6,5,PConc,728,0,728,1456,1456,0,0,2,1,2,1,2.5,3,8,2,7,2006,163990
60,12003,1Fam,5,2009,2010,2,1,PConc,774,0,774,1968,1968,0,0,2,1,2,1,2.5,4,8,3,5,2010,269500
60,19378,1Fam,5,2005,2006,6,5,PConc,1335,57,1392,2462,2519,1,0,2,1,3,1,3.5,4,9,2,3,2006,320000
60,10562,1Fam,5,2007,2007,4,4,PConc,294,1288,1582,2161,3449,1,0,1,1,2,1,2.5,3,8,3,11,2007,325624
60,8640,1Fam,5,2009,2009,2,2,PConc,78,822,900,1852,2674,1,0,2,1,3,1,3.5,3,7,2,7,2009,252678
60,9588,1Fam,5,2007,2007,4,4,PConc,1482,0,1482,2574,2574,0,0,2,1,2,1,2.5,3,10,3,11,2007,276000
60,10728,1Fam,5,2006,2006,5,5,PConc,1095,0,1095,1939,1939,0,0,2,1,2,1,2.5,3,8,3,8,2006,266000
60,15611,1Fam,5,2006,2006,5,5,PConc,1079,0,1079,1919,1919,0,0,2,1,2,1,2.5,3,8,2,7,2006,233230
60,16259,1Fam,5,2006,2006,5,5,PConc,1249,0,1249,2596,2596,0,0,3,1,3,1,3.5,4,9,3,9,2006,342643
60,20431,1Fam,5,2005,2006,6,5,PConc,438,1410,1848,2728,4138,1,0,2,1,3,1,3.5,4,10,3,4,2006,437154
60,12474,1Fam,5,2007,2008,4,3,PConc,402,1280,1682,2332,3612,1,0,2,1,3,1,3.5,3,9,3,8,2008,426000
60,14154,1Fam,5,2006,2006,5,5,PConc,1063,0,1063,2172,2172,0,0,2,1,2,1,2.5,3,9,3,8,2007,280000
60,10800,1Fam,5,2007,2008,4,3,PConc,245,789,1034,2078,2867,1,0,2,1,3,1,3.5,3,8,3,4,2008,339750
60,8004,1Fam,5,2009,2009,2,2,PConc,288,544,832,1935,2479,1,0,2,1,3,1,3.5,3,8,2,12,2009,263435
60,15578,1Fam,5,2006,2006,5,5,PConc,728,0,728,1456,1456,0,0,2,1,2,1,2.5,3,8,2,5,2006,172785
60,40094,1Fam,5,2007,2008,4,3,PConc,878,2260,3138,4676,6936,1,0,3,1,4,1,4.5,3,11,3,10,2007,184750
60,14948,1Fam,5,2008,2008,3,3,PConc,122,1330,1452,2713,4043,1,0,2,1,3,1,3.5,3,11,3,11,2008,446261
60,17104,1Fam,5,2006,2006,5,5,PConc,100,554,654,1496,2050,1,0,2,1,3,1,3.5,3,7,2,9,2006,179665
60,13159,1Fam,5,2009,2009,2,2,PConc,846,0,846,1692,1692,0,0,2,1,2,1,2.5,3,6,2,7,2009,224500
60,10207,1Fam,6,2007,2007,4,4,PConc,874,0,874,1761,1761,0,0,3,0,3,0,3,3,7,2,8,2007,227875
60,12438,1Fam,5,2006,2006,5,5,PConc,1234,0,1234,2576,2576,0,0,2,1,2,1,2.5,4,10,3,7,2006,361919
60,9018,1Fam,5,2007,2007,4,4,PConc,728,0,728,1456,1456,0,0,2,1,2,1,2.5,3,8,2,7,2007,179540
60,13518,1Fam,5,2008,2009,3,2,PConc,1926,0,1926,3140,3140,0,0,3,1,3,1,3.5,4,11,3,7,2009,485000
60,13891,1Fam,5,2008,2009,3,2,PConc,1734,0,1734,2822,2822,0,0,3,1,3,1,3.5,4,12,3,1,2009,582933
60,9000,1Fam,5,2007,2007,4,4,PConc,1120,64,1184,2610,2674,0,0,2,1,2,1,2.5,4,11,2,8,2007,303477
60,8760,1Fam,5,2006,2006,5,5,PConc,927,464,1391,1962,2426,0,0,2,1,2,1,2.5,3,7,3,8,2006,239799
60,10237,1Fam,5,2005,2007,6,4,PConc,783,0,783,1484,1484,0,0,2,1,2,1,2.5,3,8,2,7,2007,178900
60,8125,1Fam,5,2006,2006,5,5,PConc,770,0,770,1576,1576,0,0,2,1,2,1,2.5,3,6,2,8,2006,197000
60,8846,1Fam,5,2005,2006,6,5,PConc,750,0,750,1500,1500,0,0,2,1,2,1,2.5,3,6,2,8,2006,173900
60,16056,1Fam,5,2005,2006,6,5,PConc,1752,240,1992,2868,3108,0,0,3,1,3,1,3.5,4,11,3,7,2006,556581
60,23257,1Fam,5,2006,2006,5,5,PConc,868,0,868,2021,2021,0,0,2,1,2,1,2.5,3,9,2,9,2006,274725
60,9965,1Fam,5,2006,2007,5,4,PConc,316,1150,1466,2828,3978,1,0,3,0,4,0,4,4,11,3,4,2007,424870
60,14054,1Fam,5,2006,2006,5,5,PConc,879,0,879,1863,1863,0,0,2,1,2,1,2.5,4,9,3,11,2006,219210
60,8125,1Fam,5,2005,2006,6,5,PConc,756,0,756,1553,1553,0,0,2,1,2,1,2.5,3,6,2,3,2006,186500
60,11065,1Fam,5,2006,2006,5,5,PConc,1085,0,1085,1970,1970,0,0,2,1,2,1,2.5,3,8,3,10,2006,281000
60,63887,1Fam,5,2008,2008,3,3,PConc,466,5644,6110,5642,11286,2,0,2,1,4,1,4.5,3,12,2,1,2008,160000
60,11103,1Fam,5,2006,2006,5,5,PConc,728,0,728,1456,1456,0,0,2,1,2,1,2.5,3,8,2,7,2007,155835
60,8499,1Fam,5,2006,2007,5,4,PConc,616,0,616,1412,1412,0,0,2,1,2,1,2.5,3,6,2,3,2007,156932
160,3951,TwnhsE,5,2009,2009,2,2,PConc,612,0,612,1224,1224,0,0,2,1,2,1,2.5,2,4,2,6,2009,164500
160,4251,TwnhsE,5,2006,2007,5,4,PConc,625,0,625,1250,1250,0,0,2,1,2,1,2.5,2,5,2,6,2007,164700
160,3000,TwnhsE,5,2009,2009,2,2,PConc,318,294,612,1224,1518,0,0,2,1,2,1,2.5,2,4,2,6,2009,173733
